{"minzoom":0,"maxzoom":8,"center":[86.484375,25.163513,8.0],"bounds":[68.098434,6.762209,97.407837,37.089333]}