{"minzoom":0,"maxzoom":9,"center":[88.242187,21.61621,9.0],"bounds":[68.098434,6.762209,97.407837,37.089333]}